{
  "accuracy": [
    0.7542856931686401,
    0.954285740852356,
    0.9628571271896362,
    0.9685714244842529,
    0.9828571677207947,
    0.977142870426178,
    0.9942857027053833,
    0.991428554058075,
    0.9971428513526917,
    0.9857142567634583,
    0.9857142567634583,
    0.991428554058075,
    0.9942857027053833,
    0.991428554058075,
    0.9885714054107666,
    0.991428554058075,
    0.9942857027053833,
    0.9942857027053833,
    0.9942857027053833,
    0.9971428513526917,
    1.0,
    0.9971428513526917,
    1.0,
    0.9971428513526917,
    0.9971428513526917,
    0.9942857027053833,
    0.9942857027053833,
    0.9942857027053833,
    0.9971428513526917,
    1.0,
    0.9942857027053833,
    0.9942857027053833,
    0.991428554058075,
    1.0,
    0.9971428513526917,
    0.991428554058075,
    1.0,
    1.0,
    0.9971428513526917,
    1.0,
    0.9971428513526917,
    1.0,
    1.0,
    1.0,
    1.0,
    1.0,
    0.9971428513526917
  ],
  "val_accuracy": [
    0.9729729890823364,
    0.9864864945411682,
    0.9864864945411682,
    1.0,
    0.9864864945411682,
    0.9729729890823364,
    1.0,
    1.0,
    1.0,
    1.0,
    0.9729729890823364,
    1.0,
    0.9729729890823364,
    0.9729729890823364,
    0.9729729890823364,
    0.9864864945411682,
    1.0,
    0.9864864945411682,
    0.9864864945411682,
    0.9864864945411682,
    0.9864864945411682,
    0.9729729890823364,
    0.9729729890823364,
    0.9729729890823364,
    0.9864864945411682,
    0.9729729890823364,
    0.9864864945411682,
    0.9864864945411682,
    0.9864864945411682,
    0.9864864945411682,
    1.0,
    1.0,
    1.0,
    0.9864864945411682,
    0.9864864945411682,
    0.9864864945411682,
    1.0,
    1.0,
    0.9864864945411682,
    0.9864864945411682,
    1.0,
    0.9864864945411682,
    0.9864864945411682,
    0.9864864945411682,
    0.9864864945411682,
    0.9864864945411682,
    0.9864864945411682
  ],
  "loss": [
    0.4833642244338989,
    0.19066642224788666,
    0.12840841710567474,
    0.10253160446882248,
    0.07423821091651917,
    0.07760334759950638,
    0.0529460683465004,
    0.04633789509534836,
    0.033966466784477234,
    0.03659079596400261,
    0.04393352195620537,
    0.04022437334060669,
    0.028931966051459312,
    0.0353584885597229,
    0.03365180268883705,
    0.02671932801604271,
    0.025651084259152412,
    0.019239993765950203,
    0.022896453738212585,
    0.016282804310321808,
    0.01404137909412384,
    0.012927329167723656,
    0.011454752646386623,
    0.016392121091485023,
    0.01417972706258297,
    0.020393487066030502,
    0.017296714708209038,
    0.01570686139166355,
    0.0136433569714427,
    0.005858931690454483,
    0.019866785034537315,
    0.00951644778251648,
    0.013760899193584919,
    0.0034499852918088436,
    0.005208952818065882,
    0.03284606337547302,
    0.002765548648312688,
    0.0027364331763237715,
    0.0067008002661168575,
    0.003732816781848669,
    0.003199623664841056,
    0.0013435505097731948,
    0.0006610619020648301,
    0.001921476679854095,
    0.0013820425374433398,
    0.0009456035913899541,
    0.005826231557875872
  ],
  "val_loss": [
    0.2506941854953766,
    0.15304596722126007,
    0.1138186827301979,
    0.07350075244903564,
    0.0613175667822361,
    0.05735332891345024,
    0.04579037427902222,
    0.04080168902873993,
    0.03757036477327347,
    0.032864008098840714,
    0.03549891337752342,
    0.02948230691254139,
    0.04194718599319458,
    0.043313972651958466,
    0.0366375558078289,
    0.02656484954059124,
    0.019000880420207977,
    0.026260316371917725,
    0.02276385761797428,
    0.03257919102907181,
    0.0338253527879715,
    0.05247028172016144,
    0.050479888916015625,
    0.04387587308883667,
    0.034525059163570404,
    0.037861622869968414,
    0.030385665595531464,
    0.035479675978422165,
    0.0437733419239521,
    0.04373973235487938,
    0.005062244366854429,
    0.0012763942359015346,
    0.0016015563160181046,
    0.03170044347643852,
    0.05508200079202652,
    0.025858521461486816,
    0.002335899043828249,
    0.005239076446741819,
    0.024926617741584778,
    0.013632964342832565,
    0.007464499678462744,
    0.010552733205258846,
    0.011592538096010685,
    0.012200909666717052,
    0.015704136341810226,
    0.015170889906585217,
    0.02341686747968197
  ]
}