{
  "accuracy": [
    0.6000000238418579,
    0.4399999976158142,
    0.36000001430511475,
    0.36000001430511475,
    0.6000000238418579,
    0.6399999856948853,
    0.5600000023841858,
    0.47999998927116394,
    0.20000000298023224,
    0.6399999856948853,
    0.5600000023841858,
    0.5600000023841858,
    0.6399999856948853,
    0.6399999856948853,
    0.5199999809265137,
    0.47999998927116394,
    0.6000000238418579,
    0.6000000238418579,
    0.4399999976158142,
    0.6000000238418579,
    0.5600000023841858,
    0.5199999809265137,
    0.4399999976158142,
    0.6000000238418579,
    0.4399999976158142,
    0.6000000238418579,
    0.6399999856948853,
    0.6800000071525574,
    0.8799999952316284,
    0.800000011920929,
    0.8399999737739563,
    0.800000011920929,
    0.7200000286102295,
    0.8799999952316284,
    0.800000011920929,
    0.8399999737739563,
    0.8799999952316284,
    0.800000011920929,
    0.9200000166893005,
    0.800000011920929,
    0.8399999737739563,
    0.7200000286102295,
    0.8399999737739563,
    0.8399999737739563,
    0.9599999785423279,
    0.8799999952316284,
    0.8399999737739563,
    0.800000011920929,
    0.9599999785423279,
    1.0
  ],
  "val_accuracy": [
    0.6111111044883728,
    0.3888888955116272,
    0.3888888955116272,
    0.6111111044883728,
    0.6111111044883728,
    0.6111111044883728,
    0.6111111044883728,
    0.3888888955116272,
    0.5555555820465088,
    0.6111111044883728,
    0.6111111044883728,
    0.6111111044883728,
    0.6111111044883728,
    0.6111111044883728,
    0.7222222089767456,
    0.5555555820465088,
    0.6111111044883728,
    0.6111111044883728,
    0.6111111044883728,
    0.6111111044883728,
    0.6111111044883728,
    0.6111111044883728,
    0.6111111044883728,
    0.6111111044883728,
    0.6111111044883728,
    0.6111111044883728,
    0.6111111044883728,
    0.6111111044883728,
    0.6111111044883728,
    0.6111111044883728,
    0.6111111044883728,
    0.6111111044883728,
    0.6111111044883728,
    0.6111111044883728,
    0.6111111044883728,
    0.6111111044883728,
    0.6111111044883728,
    0.6111111044883728,
    0.6111111044883728,
    0.6111111044883728,
    0.6111111044883728,
    0.6111111044883728,
    0.6111111044883728,
    0.6111111044883728,
    0.6111111044883728,
    0.6111111044883728,
    0.6111111044883728,
    0.6111111044883728,
    0.6111111044883728,
    0.6111111044883728
  ],
  "loss": [
    1.0655221939086914,
    1.0264880657196045,
    1.0506280660629272,
    0.9102534651756287,
    0.6814953684806824,
    0.734886884689331,
    0.7722412943840027,
    0.8061025142669678,
    1.0373504161834717,
    0.621443510055542,
    0.7443611025810242,
    0.7491282820701599,
    0.6172201633453369,
    0.7932255268096924,
    0.7197911143302917,
    0.7499902248382568,
    0.6944264769554138,
    0.6181046366691589,
    0.7932476997375488,
    0.6530613899230957,
    0.6560090780258179,
    0.7980247735977173,
    0.8149253726005554,
    0.6635586619377136,
    0.7590882778167725,
    0.7410266995429993,
    0.6237161159515381,
    0.5539382696151733,
    0.4827553629875183,
    0.5034909248352051,
    0.4235050678253174,
    0.42697227001190186,
    0.5056363344192505,
    0.3795342743396759,
    0.3863659203052521,
    0.31568408012390137,
    0.34193703532218933,
    0.39865025877952576,
    0.3311595916748047,
    0.4148479104042053,
    0.37991032004356384,
    0.4801667034626007,
    0.3487057387828827,
    0.32642269134521484,
    0.2617349922657013,
    0.3453817069530487,
    0.3485371768474579,
    0.3985580503940582,
    0.2663710117340088,
    0.25092101097106934
  ],
  "val_loss": [
    0.8112672567367554,
    0.9659377336502075,
    0.7608168125152588,
    0.709737241268158,
    0.8065617084503174,
    0.7231314182281494,
    0.6621663570404053,
    0.729386031627655,
    0.6816012263298035,
    0.6640907526016235,
    0.6903476119041443,
    0.6824138164520264,
    0.6587307453155518,
    0.6518378853797913,
    0.6684036254882812,
    0.6827594637870789,
    0.6643848419189453,
    0.649518609046936,
    0.6538977026939392,
    0.67008376121521,
    0.6739264726638794,
    0.6656097173690796,
    0.6492570042610168,
    0.643659234046936,
    0.6466204524040222,
    0.6424962282180786,
    0.6414005160331726,
    0.6432127356529236,
    0.6511068344116211,
    0.663316011428833,
    0.6806885600090027,
    0.7077069878578186,
    0.7187753915786743,
    0.7315137386322021,
    0.7446326017379761,
    0.7558858394622803,
    0.7652432322502136,
    0.7673534154891968,
    0.7697222232818604,
    0.7719004154205322,
    0.7724844217300415,
    0.7738685607910156,
    0.7732906937599182,
    0.7725581526756287,
    0.7719566822052002,
    0.7711730003356934,
    0.7703582644462585,
    0.7697293758392334,
    0.7692778706550598,
    0.768987238407135
  ]
}